{"cameraMode":{"drawMode":0,"name":"Shaded","section":"Shading Mode"},"sceneLighting":true,"audioPlay":false,"sceneViewState":{"showFog":true,"showMaterialUpdate":true,"showSkybox":true,"showFlares":true,"showImageEffects":true,"showParticleSystems":true},"in2DMode":false,"pivot":{"x":378.2091979980469,"y":303.67633056640627,"z":34.518310546875},"rotation":{"x":-0.10039354115724564,"y":-0.06949170678853989,"z":0.007028708700090647,"w":-0.9924962520599365},"size":375.2048645019531,"orthographic":false}