{"cameraMode":{"drawMode":0,"name":"Shaded","section":"Shading Mode"},"sceneLighting":true,"audioPlay":false,"sceneViewState":{"showFog":true,"showMaterialUpdate":true,"showSkybox":true,"showFlares":true,"showImageEffects":true,"showParticleSystems":true},"in2DMode":false,"pivot":{"x":0.17525064945220948,"y":0.24838769435882569,"z":0.1308610439300537},"rotation":{"x":-0.3165263235569,"y":-0.20634311437606812,"z":0.07075399160385132,"w":-0.923168420791626},"size":3.7578835487365724,"orthographic":false}