{"cameraMode":{"drawMode":0,"name":"Shaded","section":"Shading Mode"},"sceneLighting":true,"audioPlay":false,"sceneViewState":{"showFog":true,"showMaterialUpdate":true,"showSkybox":true,"showFlares":true,"showImageEffects":true,"showParticleSystems":true},"in2DMode":false,"pivot":{"x":390.87774658203127,"y":147.4652099609375,"z":81.68438720703125},"rotation":{"x":-0.14676015079021455,"y":0.015427697449922562,"z":-0.0022853107657283546,"w":-0.989054799079895},"size":632.1054077148438,"orthographic":false}