{"cameraMode":{"drawMode":0,"name":"Shaded","section":"Shading Mode"},"sceneLighting":true,"audioPlay":false,"sceneViewState":{"showFog":true,"showMaterialUpdate":true,"showSkybox":true,"showFlares":true,"showImageEffects":true,"showParticleSystems":true},"in2DMode":false,"pivot":{"x":1.099200963973999,"y":0.5990293025970459,"z":1.2163660526275635},"rotation":{"x":-0.357960969209671,"y":-0.2537437379360199,"z":0.10173375904560089,"w":-0.8928225636482239},"size":4.201972484588623,"orthographic":false}