{"cameraMode":{"drawMode":0,"name":"Shaded","section":"Shading Mode"},"sceneLighting":true,"audioPlay":false,"sceneViewState":{"showFog":true,"showMaterialUpdate":true,"showSkybox":true,"showFlares":true,"showImageEffects":true,"showParticleSystems":true},"in2DMode":false,"pivot":{"x":7.79894495010376,"y":4.198070526123047,"z":10.0543212890625},"rotation":{"x":-0.11273428797721863,"y":-0.8870346546173096,"z":0.3056276738643646,"w":-0.32720935344696047},"size":2.221500873565674,"orthographic":false}