{"cameraMode":{"drawMode":0,"name":"Shaded","section":"Shading Mode"},"sceneLighting":true,"audioPlay":false,"sceneViewState":{"showFog":true,"showMaterialUpdate":true,"showSkybox":true,"showFlares":true,"showImageEffects":true,"showParticleSystems":true},"in2DMode":false,"pivot":{"x":1.5449860095977784,"y":-1.3267807960510255,"z":0.8474016189575195},"rotation":{"x":-0.5142078399658203,"y":0.023663558065891267,"z":-0.014192418195307255,"w":-0.8572266697883606},"size":12.836559295654297,"orthographic":false}