{"cameraMode":{"drawMode":0,"name":"Shaded","section":"Shading Mode"},"sceneLighting":true,"audioPlay":false,"sceneViewState":{"showFog":true,"showMaterialUpdate":true,"showSkybox":true,"showFlares":true,"showImageEffects":true,"showParticleSystems":true},"in2DMode":false,"pivot":{"x":137.25929260253907,"y":476.1236877441406,"z":-48.499969482421878},"rotation":{"x":-0.1778503954410553,"y":-0.009744792245328427,"z":0.0017646749038249255,"w":-0.9840139746665955},"size":249.8711700439453,"orthographic":false}