{"cameraMode":{"drawMode":0,"name":"Shaded","section":"Shading Mode"},"sceneLighting":true,"audioPlay":false,"sceneViewState":{"showFog":true,"showMaterialUpdate":true,"showSkybox":true,"showFlares":true,"showImageEffects":true,"showParticleSystems":true},"in2DMode":false,"pivot":{"x":0.578096866607666,"y":-0.05132150650024414,"z":3.0252790451049806},"rotation":{"x":-0.34812700748443606,"y":0.2465892881155014,"z":-0.09544356167316437,"w":-0.8993906378746033},"size":9.074653625488282,"orthographic":false}